City_ID,City,Country,Date,Lat,Lng,Max Temp,Humidity,Cloudiness,Wind Speed
0,Rikitea,PF,2021-08-12 04:40:35,-23.1203,-134.9692,73.04,69,1,6.53
1,Suruc,TR,2021-08-12 04:40:35,36.9761,38.425,80.8,37,21,7.36
2,Faanui,PF,2021-08-12 04:40:36,-16.4833,-151.75,78.76,73,10,13.27
3,Nikolskoye,RU,2021-08-12 04:40:36,59.7035,30.7861,59.02,69,100,5.03
4,Pangnirtung,CA,2021-08-12 04:40:37,66.1451,-65.7125,47.66,67,100,11.45
5,Lebu,CL,2021-08-12 04:40:38,-37.6167,-73.65,46.49,73,0,4.61
6,Mehamn,NO,2021-08-12 04:40:39,71.0357,27.8492,57.15,82,75,12.66
7,Port Alfred,ZA,2021-08-12 04:40:39,-33.5906,26.891,57.04,70,30,27.54
8,East London,ZA,2021-08-12 04:40:40,-33.0153,27.9116,54.54,71,0,11.5
9,Cape Town,ZA,2021-08-12 04:35:52,-33.9258,18.4232,49.87,89,40,4.0
10,Torbay,CA,2021-08-12 04:40:41,47.6666,-52.7314,58.75,97,90,4.61
11,Bowen,AU,2021-08-12 04:40:41,-20.0167,148.2333,77.22,67,6,19.89
12,Castro,BR,2021-08-12 04:40:42,-24.7911,-50.0119,49.5,97,100,8.32
13,Kruisfontein,ZA,2021-08-12 04:40:43,-34.0033,24.7314,51.89,92,53,19.37
14,Vardo,NO,2021-08-12 04:40:43,70.3705,31.1107,57.4,94,72,3.49
15,Bengkulu,ID,2021-08-12 04:40:44,-3.8004,102.2655,84.24,66,98,8.59
16,Port Elizabeth,ZA,2021-08-12 04:40:44,-33.918,25.5701,55.69,88,90,17.27
17,Saint-Philippe,RE,2021-08-12 04:40:45,-21.3585,55.7679,76.55,81,39,14.34
18,Pskov,RU,2021-08-12 04:40:45,57.8136,28.3496,62.51,94,75,2.24
19,Canta,TR,2021-08-12 04:40:46,41.1181,28.0803,78.53,60,0,8.05
20,Assiniboia,CA,2021-08-12 04:40:46,49.6334,-105.9845,64.31,51,11,9.22
21,Mataura,NZ,2021-08-12 04:40:47,-46.1927,168.8643,59.49,72,94,4.38
22,Luganville,VU,2021-08-12 04:40:47,-15.5333,167.1667,76.03,81,89,17.85
23,Albany,US,2021-08-12 04:37:46,42.6001,-73.9662,78.75,86,100,3.47
24,Ust-Koksa,RU,2021-08-12 04:40:48,50.2696,85.6108,61.2,78,92,1.59
25,General Roca,AR,2021-08-12 04:40:48,-39.0333,-67.5833,39.6,42,0,7.43
26,Ancud,CL,2021-08-12 04:40:49,-41.8697,-73.8203,44.13,82,0,2.89
27,Yulara,AU,2021-08-12 04:40:49,-25.2406,130.9889,66.04,30,0,18.41
28,Caxias,PT,2021-08-12 04:40:50,38.7031,-9.2767,66.58,78,20,10.36
29,Goderich,CA,2021-08-12 04:40:50,43.7501,-81.7165,73.9,83,17,13.8
30,Hithadhoo,MV,2021-08-12 04:40:51,-0.6,73.0833,82.35,72,99,13.56
31,Kavieng,PG,2021-08-12 04:40:51,-2.5744,150.7967,83.88,71,65,5.46
32,Isangel,VU,2021-08-12 04:40:51,-19.55,169.2667,75.31,60,75,9.22
33,Talcahuano,CL,2021-08-12 04:40:52,-36.7167,-73.1167,40.68,93,0,3.44
34,Provideniya,RU,2021-08-12 04:40:53,64.3833,-173.3,41.11,81,90,11.18
35,Honningsvag,NO,2021-08-12 04:40:54,70.9821,25.9704,56.73,87,75,11.5
36,Lethem,GY,2021-08-12 04:40:55,3.3803,-59.7968,74.34,90,94,5.53
37,Ongandjera,NA,2021-08-12 04:40:55,-17.8833,15.0667,56.03,56,0,7.7
38,Ostrovnoy,RU,2021-08-12 04:40:56,68.0531,39.5131,63.09,68,72,11.86
39,Kurilsk,RU,2021-08-12 04:40:56,45.2333,147.8833,57.09,74,12,9.8
40,Hobart,AU,2021-08-12 04:40:57,-42.8794,147.3294,56.26,55,40,3.0
41,Kaitangata,NZ,2021-08-12 04:40:57,-46.2817,169.8464,54.9,64,100,10.4
42,Busselton,AU,2021-08-12 04:40:58,-33.65,115.3333,61.09,76,94,6.93
43,Abnub,EG,2021-08-12 04:40:58,27.2696,31.1511,79.02,27,0,5.46
44,The Valley,AI,2021-08-12 04:40:52,18.217,-63.0578,82.26,77,51,20.09
45,Guerrero Negro,MX,2021-08-12 04:40:59,27.9769,-114.0611,76.55,70,28,10.38
46,Nakatsugawa,JP,2021-08-12 04:39:14,35.4833,137.5,77.22,85,100,3.71
47,San Cristobal,VE,2021-08-12 04:41:00,7.7669,-72.225,65.37,95,92,2.57
48,Dongning,CN,2021-08-12 04:41:00,44.0622,131.1207,58.33,98,100,3.67
49,Qostanay,KZ,2021-08-12 04:41:01,53.1667,63.5833,59.29,63,0,20.13
50,Kununurra,AU,2021-08-12 04:36:11,-15.7667,128.7333,94.98,24,62,11.5
51,Lompoc,US,2021-08-12 04:41:02,34.6391,-120.4579,72.1,83,20,3.0
52,Yellowknife,CA,2021-08-12 04:37:48,62.456,-114.3525,54.12,58,75,4.61
53,Punta Arenas,CL,2021-08-12 04:41:03,-53.15,-70.9167,46.51,81,75,5.75
54,Jamestown,US,2021-08-12 04:38:26,42.097,-79.2353,72.99,87,1,7.0
55,Krasnyy Yar,RU,2021-08-12 04:41:03,46.5331,48.3456,82.33,19,86,15.93
56,Geraldton,AU,2021-08-12 04:41:04,-28.7667,114.6,63.01,59,0,16.11
57,Tuktoyaktuk,CA,2021-08-12 04:41:05,69.4541,-133.0374,60.8,67,75,8.05
58,Evensk,RU,2021-08-12 04:41:05,61.95,159.2333,54.52,83,100,5.99
59,Poum,NC,2021-08-12 04:41:06,-20.2333,164.0167,72.59,60,42,21.74
60,Nushki,PK,2021-08-12 04:41:06,29.5542,66.0215,94.89,6,4,3.89
61,Tasiilaq,GL,2021-08-12 04:41:07,65.6145,-37.6368,46.56,81,23,5.28
62,Ilam,NP,2021-08-12 04:41:07,26.9167,87.9167,71.58,95,100,0.63
63,North Platte,US,2021-08-12 04:41:08,41.1239,-100.7654,73.02,73,1,1.99
64,Vaini,TO,2021-08-12 04:41:08,-21.2,-175.2,66.36,94,90,5.75
65,Husavik,IS,2021-08-12 04:41:09,66.0449,-17.3389,40.91,76,18,10.02
66,Kernersville,US,2021-08-12 04:41:10,36.1199,-80.0736,74.39,94,75,0.0
67,Thinadhoo,MV,2021-08-12 04:41:10,0.5333,72.9333,82.67,73,89,12.03
68,Bredasdorp,ZA,2021-08-12 04:41:11,-34.5322,20.0403,47.52,87,100,6.91
69,Kailua,US,2021-08-12 04:38:36,21.4022,-157.7394,84.18,71,40,9.22
70,Puerto Ayora,EC,2021-08-12 04:41:12,-0.7393,-90.3518,69.55,88,95,5.01
71,Hilo,US,2021-08-12 04:36:42,19.7297,-155.09,75.79,93,86,1.01
72,Naze,JP,2021-08-12 04:41:12,28.3667,129.4833,85.12,84,61,19.82
73,Tiksi,RU,2021-08-12 04:41:13,71.6872,128.8694,61.27,61,100,12.03
74,Atuona,PF,2021-08-12 04:41:13,-9.8,-139.0333,77.43,73,14,17.94
75,Bluff,NZ,2021-08-12 04:41:14,-46.6,168.3333,59.81,68,100,19.82
76,Bazarnyy Karabulak,RU,2021-08-12 04:41:14,52.2683,46.4144,80.42,32,8,15.43
77,Bundaberg,AU,2021-08-12 04:41:15,-24.85,152.35,75.49,46,73,12.66
78,Airai,TL,2021-08-12 04:41:15,-8.9266,125.4092,77.11,43,33,6.6
79,Ushuaia,AR,2021-08-12 04:38:54,-54.8,-68.3,44.26,70,40,12.66
80,Khani,GE,2021-08-12 04:41:16,41.9563,42.9566,62.17,64,52,2.44
81,Aktas,KZ,2021-08-12 04:41:17,49.7789,72.9608,65.95,63,100,5.57
82,Akyab,MM,2021-08-12 04:41:17,20.15,92.9,83.55,80,99,9.31
83,Aklavik,CA,2021-08-12 04:41:18,68.2191,-135.0107,65.12,62,89,1.68
84,Ust-Nera,RU,2021-08-12 04:41:19,64.5667,143.2,76.84,38,100,5.39
85,Williston,US,2021-08-12 04:27:30,48.147,-103.618,71.04,36,37,5.99
86,New Norfolk,AU,2021-08-12 04:41:19,-42.7826,147.0587,55.92,61,54,4.0
87,Upernavik,GL,2021-08-12 04:41:20,72.7868,-56.1549,41.49,93,100,19.6
88,Dunedin,NZ,2021-08-12 04:38:41,-45.8742,170.5036,57.79,45,92,15.01
89,Gwadar,PK,2021-08-12 04:41:20,25.1216,62.3254,81.48,75,99,8.7
90,Mabaruma,GY,2021-08-12 04:41:21,8.2,-59.7833,73.04,98,19,1.77
91,Mango,US,2021-08-12 04:41:22,27.9797,-82.3065,80.51,92,1,0.0
92,Laguna,US,2021-08-12 04:41:22,38.421,-121.4238,91.22,42,1,1.99
93,Joshimath,IN,2021-08-12 04:41:23,30.5667,79.5667,81.18,64,29,6.69
94,Olafsvik,IS,2021-08-12 04:41:23,64.8945,-23.7142,54.14,85,7,7.49
95,Wanning,CN,2021-08-12 04:41:24,18.8003,110.3967,87.75,73,99,11.63
96,Zaltan,LY,2021-08-12 04:41:24,32.947,11.8665,86.85,30,4,7.29
97,Kapaa,US,2021-08-12 04:41:25,22.0752,-159.319,82.72,74,20,1.01
98,Kodiak,US,2021-08-12 04:41:26,57.79,-152.4072,56.71,82,90,4.61
99,Avarua,CK,2021-08-12 04:37:28,-21.2078,-159.775,71.65,94,75,4.61
100,Campeche,MX,2021-08-12 04:41:26,19.0,-90.5,72.77,99,93,2.19
101,Bathsheba,BB,2021-08-12 04:41:27,13.2167,-59.5167,81.21,78,40,14.97
102,Barrow,US,2021-08-12 04:41:28,71.2906,-156.7887,37.42,81,90,17.27
103,Yagodnoye,RU,2021-08-12 04:41:28,62.55,149.6667,81.88,27,59,0.6
104,Juneau,US,2021-08-12 04:41:29,58.3019,-134.4197,57.25,96,90,14.0
105,Balvi,LV,2021-08-12 04:40:17,57.1313,27.2658,58.19,97,100,2.95
106,Sakakah,SA,2021-08-12 04:41:30,29.9697,40.2064,83.77,21,0,7.27
107,Komsomolskiy,UZ,2021-08-12 04:41:30,40.4272,71.7189,86.72,23,0,9.22
108,Grootfontein,NA,2021-08-12 04:41:30,-19.5667,18.1167,47.77,49,0,3.44
109,Lorengau,PG,2021-08-12 04:41:31,-2.0226,147.2712,85.64,64,38,7.31
110,Dikson,RU,2021-08-12 04:41:31,73.5069,80.5464,42.3,89,16,10.65
111,Mar Del Plata,AR,2021-08-12 04:39:58,-38.0023,-57.5575,42.82,81,75,3.44
112,Pietarsaari,FI,2021-08-12 04:41:32,63.65,22.6833,61.9,89,12,8.9
113,Sines,PT,2021-08-12 04:41:33,37.9562,-8.8698,61.29,93,0,1.01
114,Lantawan,PH,2021-08-12 04:41:33,10.6167,123.9833,91.09,65,100,5.57
115,Bojnurd,IR,2021-08-12 04:41:34,37.4747,57.329,69.75,28,0,2.3
116,Rincon,US,2021-08-12 04:41:34,32.296,-81.2354,82.85,90,20,0.0
117,Zhuhai,CN,2021-08-12 04:41:35,22.2769,113.5678,91.71,84,20,10.36
118,Chokurdakh,RU,2021-08-12 04:41:35,70.6333,147.9167,68.04,62,86,3.51
119,Calnali,MX,2021-08-12 04:41:37,20.9167,-98.5833,59.99,92,24,3.96
120,Nador,MA,2021-08-12 04:41:38,35.174,-2.9287,77.07,94,90,0.0
121,Ahipara,NZ,2021-08-12 04:41:38,-35.1667,173.1667,55.54,71,17,6.87
122,Victoria,HK,2021-08-12 04:39:12,22.2855,114.1577,91.96,74,67,3.0
123,Avera,US,2021-08-12 04:38:24,33.194,-82.5271,77.72,88,80,5.01
124,Ponta Do Sol,PT,2021-08-12 04:41:39,32.6667,-17.1,74.03,77,15,3.69
125,La Libertad,EC,2021-08-12 04:41:40,-2.2333,-80.9,67.87,84,100,8.3
126,Rundu,NA,2021-08-12 04:41:40,-17.9333,19.7667,52.68,33,0,5.28
127,Nanortalik,GL,2021-08-12 04:41:41,60.1432,-45.2371,44.19,87,75,10.36
128,Faya,SA,2021-08-12 04:41:42,18.3851,42.4509,68.52,48,64,1.92
129,Pachino,IT,2021-08-12 04:41:42,36.7186,15.0907,84.24,67,3,12.82
130,Klaksvik,FO,2021-08-12 04:41:42,62.2266,-6.589,54.52,98,100,11.7
131,Fortuna,US,2021-08-12 04:41:43,40.5982,-124.1573,74.48,94,90,0.0
132,Hermanus,ZA,2021-08-12 04:41:43,-34.4187,19.2345,48.9,71,100,11.03
133,Arraial Do Cabo,BR,2021-08-12 04:41:44,-22.9661,-42.0278,69.13,88,56,13.27
134,Peniche,PT,2021-08-12 04:41:45,39.3558,-9.3811,66.72,87,9,14.14
135,College,US,2021-08-12 04:41:45,64.8569,-147.8028,67.95,57,75,4.61
136,Bubaque,GW,2021-08-12 04:41:46,11.2833,-15.8333,79.7,82,100,10.54
137,Atikokan,CA,2021-08-12 04:41:46,48.7555,-91.6216,65.32,49,79,9.57
138,Bairiki,KI,2021-08-12 04:41:47,1.3292,172.9752,87.8,62,20,8.05
139,Cabo San Lucas,MX,2021-08-12 04:41:47,22.8909,-109.9124,83.52,82,83,5.35
140,Aykhal,RU,2021-08-12 04:41:48,66.0,111.5,66.56,46,100,15.68
141,Kundiawa,PG,2021-08-12 04:41:48,-6.0167,144.9667,71.33,82,47,1.77
142,Leh,IN,2021-08-12 04:41:49,34.1667,77.5833,65.77,40,25,5.7
143,Jinchang,CN,2021-08-12 04:41:50,38.4953,102.1739,78.4,35,2,7.07
144,Mahebourg,MU,2021-08-12 04:41:50,-20.4081,57.7,74.25,83,75,11.5
145,Ribeira Grande,PT,2021-08-12 04:41:50,38.5167,-28.7,72.48,86,38,17.87
146,Chuy,UY,2021-08-12 04:41:51,-33.6971,-53.4616,41.41,87,5,3.31
147,Bo Rai,TH,2021-08-12 04:41:51,12.5728,102.5371,87.12,65,66,10.78
148,Carnarvon,AU,2021-08-12 04:41:52,-24.8667,113.6333,71.67,27,0,12.66
149,Stejari,RO,2021-08-12 04:41:53,44.7667,23.6833,67.35,40,9,1.88
150,Saskylakh,RU,2021-08-12 04:41:53,71.9167,114.0833,53.26,57,67,15.7
151,Kawalu,ID,2021-08-12 04:41:54,-7.3817,108.2082,82.92,57,32,6.76
152,Mazara Del Vallo,IT,2021-08-12 04:41:54,37.6641,12.588,82.99,51,0,8.81
153,Crestview,US,2021-08-12 04:41:55,30.7621,-86.5705,81.99,88,1,3.0
154,Iglesias,IT,2021-08-12 04:41:55,39.3114,8.535,77.76,39,9,3.33
155,Nome,US,2021-08-12 04:41:56,64.5011,-165.4064,50.07,62,90,4.61
156,Bilma,NE,2021-08-12 04:41:56,18.6853,12.9164,86.99,40,81,1.03
157,Hay River,CA,2021-08-12 04:41:57,60.8156,-115.7999,55.38,82,40,4.61
158,Salinopolis,BR,2021-08-12 04:41:57,-0.6136,-47.3561,78.55,87,86,9.78
159,Marsh Harbour,BS,2021-08-12 04:41:58,26.5412,-77.0636,83.57,72,8,13.71
160,Esperance,AU,2021-08-12 04:40:20,-33.8667,121.9,62.44,54,14,14.07
161,Mount Gambier,AU,2021-08-12 04:41:59,-37.8333,140.7667,58.91,67,75,16.11
162,Derzhavinsk,KZ,2021-08-12 04:41:59,51.1,66.3167,56.53,83,97,15.73
163,Magadan,RU,2021-08-12 04:42:00,59.5667,150.8,62.62,79,20,5.55
164,Zhezkazgan,KZ,2021-08-12 04:42:01,47.8043,67.7144,69.85,45,42,14.94
165,Dudinka,RU,2021-08-12 04:42:01,69.4058,86.1778,47.05,75,100,8.68
166,Baykit,RU,2021-08-12 04:42:02,61.67,96.37,73.63,48,100,3.27
167,La Ronge,CA,2021-08-12 04:42:02,55.1001,-105.2842,53.85,50,40,13.8
168,Lourdes,FR,2021-08-12 04:42:03,43.1,-0.05,63.88,100,75,4.61
169,Narsaq,GL,2021-08-12 04:42:03,60.9167,-46.05,46.62,73,90,3.87
170,Patitirion,GR,2021-08-12 04:42:04,39.15,23.8667,80.08,70,2,14.29
171,Saint Stephen,GB,2021-08-12 04:42:05,50.3333,-4.9,59.76,100,75,5.75
172,Baglan,AF,2021-08-12 04:42:05,36.1307,68.7083,93.74,12,0,2.08
173,Inirida,CO,2021-08-12 04:42:06,3.8653,-67.9239,72.75,99,100,3.67
174,Haverhill,US,2021-08-12 04:39:55,42.7762,-71.0773,81.01,86,1,5.01
175,Mata,PT,2021-08-12 04:42:06,40.683,-7.4592,66.76,70,0,2.84
176,Perth,AU,2021-08-12 04:40:13,-31.9333,115.8333,66.15,59,40,4.61
177,Roma,US,2021-08-12 04:42:07,43.2128,-75.4557,80.46,91,1,6.91
178,Beringovskiy,RU,2021-08-12 04:42:07,63.05,179.3167,44.31,86,94,7.27
179,Dakar,SN,2021-08-12 04:42:08,14.6937,-17.4441,77.88,77,25,14.41
180,Magdalena,PH,2021-08-12 04:42:09,14.1999,121.429,86.43,60,100,1.7
181,Dingle,PH,2021-08-12 04:42:09,10.9995,122.6711,89.08,61,75,7.27
182,Amapa,BR,2021-08-12 04:42:10,1.0,-52.0,70.66,99,49,1.43
183,Makakilo City,US,2021-08-12 04:40:47,21.3469,-158.0858,82.72,60,75,6.91
184,Grudziadz,PL,2021-08-12 04:41:05,53.4841,18.7537,59.83,89,19,5.88
185,Kavaratti,IN,2021-08-12 04:42:11,10.5669,72.642,82.04,78,100,15.64
186,Lazaro Cardenas,MX,2021-08-12 04:42:11,17.9583,-102.2,78.76,82,29,2.35
187,Namatanai,PG,2021-08-12 04:42:06,-3.6667,152.4333,82.76,74,93,3.65
188,Star,US,2021-08-12 04:42:12,43.6921,-116.4935,88.12,42,1,5.75
189,Nouadhibou,MR,2021-08-12 04:42:12,20.931,-17.0347,69.78,83,0,19.57
190,Konitsa,GR,2021-08-12 04:42:13,40.0486,20.7567,76.05,55,3,5.75
191,Dalvik,IS,2021-08-12 04:42:13,65.9702,-18.5286,40.93,83,19,1.54
192,Vestmannaeyjar,IS,2021-08-12 04:42:14,63.4427,-20.2734,54.37,82,96,8.68
193,Shugurovo,RU,2021-08-12 04:42:14,54.5083,52.1326,72.05,35,0,11.74
194,Karpogory,RU,2021-08-12 04:42:15,64.0019,44.4451,63.63,96,100,0.94
195,Bambous Virieux,MU,2021-08-12 04:42:16,-20.3428,57.7575,74.21,83,75,11.5
196,Karawang,ID,2021-08-12 04:42:16,-6.3042,107.3079,89.69,42,8,4.9
197,Kudahuvadhoo,MV,2021-08-12 04:42:17,2.6708,72.8944,83.35,72,99,14.99
198,Torata,PE,2021-08-12 04:42:17,-17.0769,-70.8433,53.37,40,2,1.25
199,Damietta,EG,2021-08-12 04:42:18,31.4165,31.8133,82.29,59,0,4.52
200,San Carlos De Bariloche,AR,2021-08-12 04:42:18,-41.1456,-71.3082,29.95,69,0,6.91
201,Sisimiut,GL,2021-08-12 04:42:19,66.9395,-53.6735,43.61,80,49,5.26
202,Vila Franca Do Campo,PT,2021-08-12 04:42:19,37.7167,-25.4333,72.01,88,18,6.6
203,Klyuchi,RU,2021-08-12 04:42:20,52.2667,79.1667,71.46,52,19,10.31
204,Ramotswa,BW,2021-08-12 04:42:20,-24.8716,25.8699,46.02,61,0,0.54
205,San Patricio,US,2021-08-12 04:42:21,28.017,-97.5169,85.89,74,0,13.02
206,Clyde River,CA,2021-08-12 04:41:12,70.4692,-68.5914,46.63,87,90,8.05
207,Fairbanks,US,2021-08-12 04:40:10,64.8378,-147.7164,67.96,58,75,10.36
208,Ankang,CN,2021-08-12 04:39:09,32.68,109.0172,78.17,86,98,3.56
209,French Harbor,HN,2021-08-12 04:42:22,16.35,-86.4333,82.0,83,86,19.08
210,Porto Santo,PT,2021-08-12 04:42:22,33.072,-16.3415,73.31,73,40,6.91
211,Ambanja,MG,2021-08-12 04:42:23,-13.6833,48.45,73.0,77,5,2.82
212,Hede,CN,2021-08-12 04:42:24,33.7681,120.2517,78.73,85,100,6.98
213,Lloret De Mar,ES,2021-08-12 04:42:24,41.6999,2.8457,77.67,66,93,1.99
214,Shingu,JP,2021-08-12 04:39:14,33.7333,135.9833,77.99,97,100,6.2
215,Cidreira,BR,2021-08-12 04:42:25,-30.1811,-50.2056,46.49,75,1,5.55
216,Iqaluit,CA,2021-08-12 04:42:26,63.7506,-68.5145,40.73,93,90,17.27
217,Qaanaaq,GL,2021-08-12 04:42:26,77.484,-69.3632,40.06,91,100,4.68
218,Umm Lajj,SA,2021-08-12 04:42:27,25.0213,37.2685,89.53,44,0,9.84
219,Karratha,AU,2021-08-12 04:42:27,-20.7377,116.8463,78.66,18,0,17.29
220,Sitka,US,2021-08-12 04:42:28,57.0531,-135.33,60.69,82,90,6.91
221,Leningradskiy,RU,2021-08-12 04:42:29,69.3833,178.4167,38.68,82,98,4.03
222,Talnakh,RU,2021-08-12 04:42:29,69.4865,88.3972,43.41,90,100,9.42
223,Kungurtug,RU,2021-08-12 04:42:30,50.5994,97.5228,60.17,83,100,3.33
224,Souillac,MU,2021-08-12 04:42:30,-20.5167,57.5167,74.35,83,75,11.5
225,Baruun-Urt,MN,2021-08-12 04:42:31,46.6806,113.2792,72.99,47,73,7.54
226,Krasnoselkup,RU,2021-08-12 04:42:31,65.7,82.4667,56.71,54,45,16.37
227,Myanaung,MM,2021-08-12 04:42:32,18.2833,95.3167,90.43,60,100,9.93
228,Pevek,RU,2021-08-12 04:42:33,69.7008,170.3133,41.31,68,85,4.07
229,Longyearbyen,SJ,2021-08-12 04:40:43,78.2186,15.6401,46.24,93,75,10.36
230,Tuatapere,NZ,2021-08-12 04:42:35,-46.1333,167.6833,59.83,94,100,16.22
231,Hirara,JP,2021-08-12 04:42:36,24.8,125.2833,80.46,100,75,13.8
232,Tres Arroyos,AR,2021-08-12 04:42:37,-38.3739,-60.2798,33.49,89,2,4.5
233,Mount Isa,AU,2021-08-12 04:42:37,-20.7333,139.5,85.77,16,0,16.11
234,Byron Bay,AU,2021-08-12 04:42:38,-28.65,153.6167,77.11,61,37,11.68
235,San Juan,AR,2021-08-12 04:42:38,-31.5375,-68.5364,50.0,35,3,5.5
236,Razdolnoye,RU,2021-08-12 04:42:39,43.55,131.9167,68.41,97,100,1.41
237,Barcelona,ES,2021-08-12 04:38:06,41.3888,2.159,85.82,68,0,9.22
238,Yanagawa,JP,2021-08-12 04:42:40,33.1667,130.4,77.41,100,75,9.22
239,Svetlopolyansk,RU,2021-08-12 04:42:40,59.4184,52.3605,64.74,56,56,7.65
240,Harduaganj,IN,2021-08-12 04:42:41,27.95,78.1667,93.43,47,99,12.33
241,Butaritari,KI,2021-08-12 04:42:41,3.0707,172.7902,83.3,66,0,9.1
242,Kholodnyy,RU,2021-08-12 04:42:42,62.7167,147.95,81.28,21,15,8.46
243,Omboue,GA,2021-08-12 04:42:42,-1.5746,9.2618,74.5,81,100,4.25
244,Ambilobe,MG,2021-08-12 04:42:43,-13.2,49.05,76.42,53,52,3.29
245,Santo Angelo,BR,2021-08-12 04:42:44,-28.2992,-54.2631,41.32,87,0,9.22
246,Kargasok,RU,2021-08-12 04:42:44,59.0556,80.8572,53.38,74,100,12.39
247,Saint-Georges,GD,2021-08-12 04:42:45,12.0564,-61.7485,80.28,89,20,8.05
248,Mao,ES,2021-08-12 04:42:45,39.8885,4.2658,77.56,88,0,5.75
249,Saint-Joseph,RE,2021-08-12 04:42:46,-21.3667,55.6167,75.56,75,22,9.53
250,Tomaszow Lubelski,PL,2021-08-12 04:42:47,50.4477,23.4162,58.6,80,6,5.61
251,Houma,US,2021-08-12 04:39:55,29.5958,-90.7195,79.0,95,28,4.54
252,Necochea,AR,2021-08-12 04:42:47,-38.5473,-58.7368,42.04,82,5,2.73
253,Los Llanos De Aridane,ES,2021-08-12 04:42:48,28.6585,-17.9182,67.75,79,0,12.66
254,Paysandu,UY,2021-08-12 04:42:48,-32.3214,-58.0756,43.61,82,1,1.7
255,Vanimo,PG,2021-08-12 04:42:49,-2.6741,141.3028,85.14,69,57,9.71
256,Mus,TR,2021-08-12 04:42:49,39.0,41.75,66.24,39,38,4.05
257,Vostok,RU,2021-08-12 04:42:50,46.4856,135.8833,72.05,38,21,6.08
258,Pyu,MM,2021-08-12 04:42:50,18.4833,96.4333,87.69,68,100,7.74
259,Kloulklubed,PW,2021-08-12 04:42:50,7.0419,134.2556,82.9,73,100,10.27
260,Waipawa,NZ,2021-08-12 04:42:51,-41.4122,175.5153,53.02,75,98,21.94
261,Mulchen,CL,2021-08-12 04:42:52,-37.7167,-72.2333,38.88,68,0,3.53
262,Kropotkin,RU,2021-08-12 04:42:52,45.4375,40.5756,71.96,89,100,4.18
263,Siguiri,GN,2021-08-12 04:42:52,11.6667,-9.5,72.01,95,100,1.79
264,Turukhansk,RU,2021-08-12 04:42:53,65.8167,87.9833,55.62,56,64,16.17
265,Olinda,BR,2021-08-12 04:42:53,-8.0089,-34.8553,73.13,94,75,6.91
266,Camacha,PT,2021-08-12 04:42:54,33.0833,-16.3333,70.56,78,40,6.91
267,Puro,PH,2021-08-12 04:42:55,12.4841,123.3827,86.22,67,100,3.22
268,Georgetown,MY,2021-08-12 04:38:59,5.4112,100.3354,89.55,70,20,1.01
269,Ust-Kuyga,RU,2021-08-12 04:42:55,70.0167,135.6,71.78,46,84,3.87
270,Srednekolymsk,RU,2021-08-12 04:42:56,67.45,153.6833,76.06,23,92,1.23
271,Alice Springs,AU,2021-08-12 04:42:45,-23.7,133.8833,63.95,32,0,17.27
272,Carolina,PR,2021-08-12 04:42:57,18.3808,-65.9574,81.95,92,40,6.91
273,Yerbogachen,RU,2021-08-12 04:42:57,61.2767,108.0108,79.02,33,7,7.2
274,Vodnyy,RU,2021-08-12 04:42:58,63.5046,53.4095,64.11,61,100,9.69
275,Kota Bahru,MY,2021-08-12 04:42:58,6.1333,102.2386,87.75,70,20,1.14
276,Aksarka,RU,2021-08-12 04:42:58,66.5606,67.7975,67.26,52,100,10.6
277,Lodwar,KE,2021-08-12 04:42:59,3.1191,35.5973,78.62,56,39,10.04
278,Iquique,CL,2021-08-12 04:42:26,-20.2208,-70.1431,59.04,73,26,3.83
279,Williams Lake,CA,2021-08-12 04:43:00,52.1415,-122.1445,72.97,33,20,5.75
280,Samarai,PG,2021-08-12 04:43:00,-10.6167,150.6667,79.25,82,57,15.43
281,Burnie,AU,2021-08-12 04:43:01,-41.0667,145.9167,51.62,74,48,12.68
282,Kemijarvi,FI,2021-08-12 04:43:01,66.7131,27.4306,57.94,86,21,6.11
283,Markala,ML,2021-08-12 04:43:02,13.7021,-6.0659,74.98,80,100,3.58
284,Arlit,NE,2021-08-12 04:43:03,18.7369,7.3853,88.03,45,64,12.1
285,Sayyan,YE,2021-08-12 04:43:03,15.1718,44.3244,68.59,37,38,2.33
286,Manaure,CO,2021-08-12 04:43:04,11.7751,-72.4445,82.62,77,70,4.9
287,Mbandaka,CD,2021-08-12 04:43:04,0.0487,18.2603,68.97,91,26,2.91
288,Majene,ID,2021-08-12 04:43:05,-3.5403,118.9707,84.99,69,73,1.9
289,Inhambane,MZ,2021-08-12 04:43:06,-23.865,35.3833,64.38,94,0,6.91
290,Lodja,CD,2021-08-12 04:43:06,-3.4833,23.4333,69.03,85,78,1.43
291,Les Escoumins,CA,2021-08-12 04:43:07,48.1111,-69.0236,68.56,98,67,4.18
292,Les Cayes,HT,2021-08-12 04:43:07,18.2,-73.75,79.21,82,38,3.0
293,Mayo,US,2021-08-12 04:43:08,38.8876,-76.5119,77.25,95,1,3.0
294,Wiwili,NI,2021-08-12 04:43:08,13.6268,-85.8254,71.83,95,100,2.1
295,Jijiga,ET,2021-08-12 04:43:09,9.35,42.8,64.98,72,47,21.03
296,Acapulco,MX,2021-08-12 04:42:46,16.8634,-99.8901,77.94,81,20,3.83
297,Metro,ID,2021-08-12 04:43:10,-5.1131,105.3067,90.84,41,20,8.86
298,Novoagansk,RU,2021-08-12 04:43:10,61.9449,76.6625,59.94,50,17,15.26
299,Gogrial,SS,2021-08-12 04:43:11,8.5332,28.1004,70.92,97,100,5.88
300,Imbituba,BR,2021-08-12 04:43:12,-28.24,-48.6703,55.29,81,84,7.72
301,Sakaiminato,JP,2021-08-12 04:39:15,35.55,133.2333,78.78,83,75,4.61
302,Salalah,OM,2021-08-12 04:43:12,17.0151,54.0924,77.09,83,90,5.75
303,Pervomayskiy,RU,2021-08-12 04:43:13,53.2485,40.2871,77.36,40,100,9.93
304,Loandjili,CG,2021-08-12 04:43:13,-4.7561,11.8578,75.31,88,75,6.91
305,Hammerfest,NO,2021-08-12 04:43:14,70.6634,23.6821,52.25,100,75,12.66
306,Gerash,IR,2021-08-12 04:43:14,27.6652,54.1371,86.14,17,0,0.94
307,Touros,BR,2021-08-12 04:43:15,-5.1989,-35.4608,74.3,92,15,9.31
308,Sao Gabriel Da Cachoeira,BR,2021-08-12 04:43:16,-0.1303,-67.0892,72.34,97,66,1.19
309,Abu Samrah,SY,2021-08-12 04:43:16,35.3029,37.1841,81.7,41,0,4.74
310,Nizhniy Odes,RU,2021-08-12 04:43:17,63.6445,54.856,61.41,62,100,8.81
311,Perpignan,FR,2021-08-12 04:43:17,42.75,2.75,73.53,74,0,3.44
312,Kadaya,RU,2021-08-12 04:43:18,50.9327,119.2911,62.6,78,99,3.58
313,Bad Voslau,AT,2021-08-12 04:43:18,47.9653,16.2136,68.23,71,63,1.05
314,Saint George,US,2021-08-12 04:43:19,37.1041,-113.5841,90.19,33,1,3.0
315,Intipuca,SV,2021-08-12 04:43:20,13.1969,-88.0544,82.35,92,88,2.82
316,Balod,IN,2021-08-12 04:43:20,20.73,81.2047,88.0,58,100,9.28
317,San Rafael,AR,2021-08-12 04:43:21,-34.6177,-68.3301,41.68,44,1,2.37
318,Trofors,NO,2021-08-12 04:43:21,65.5333,13.4063,54.75,97,100,2.82
319,Abu Dhabi,AE,2021-08-12 04:43:22,24.4667,54.3667,96.91,49,0,5.75
320,Maltahohe,NA,2021-08-12 04:43:22,-24.8333,16.9833,44.76,48,28,5.19
321,Ishigaki,JP,2021-08-12 04:43:23,24.3448,124.1572,86.13,79,75,16.11
322,Yenagoa,NG,2021-08-12 04:43:24,4.9247,6.2642,73.63,93,100,3.8
323,La Plata,AR,2021-08-12 04:39:55,-34.9215,-57.9545,47.97,92,0,6.73
324,Marawi,PH,2021-08-12 04:43:24,7.9986,124.2928,76.64,56,30,7.49
325,Alofi,NU,2021-08-12 04:43:25,-19.0595,-169.9187,67.89,94,99,17.27
326,Nalut,LY,2021-08-12 04:43:25,30.3333,10.85,84.18,16,0,9.98
327,Skibbereen,IE,2021-08-12 04:43:26,51.55,-9.2667,57.0,82,88,20.85
328,Constitucion,CL,2021-08-12 04:43:26,-35.3333,-72.4167,47.23,75,0,3.87
329,Khatanga,RU,2021-08-12 04:43:27,71.9667,102.5,46.53,79,100,16.44
330,Yar-Sale,RU,2021-08-12 04:43:27,66.8333,70.8333,66.15,48,91,8.88
331,Thompson,CA,2021-08-12 04:43:28,55.7435,-97.8558,46.56,100,90,18.41
332,Porto Belo,BR,2021-08-12 04:43:29,-27.1578,-48.5531,55.38,78,100,12.88
333,Pacific Grove,US,2021-08-12 04:43:30,36.6177,-121.9166,70.02,87,75,1.99
334,Uruzgan,AF,2021-08-12 04:43:30,32.8333,66.0,86.63,8,0,2.01
335,Redlands,US,2021-08-12 04:39:04,34.0556,-117.1825,86.68,39,20,5.75
336,Sao Filipe,CV,2021-08-12 04:43:31,14.8961,-24.4956,74.08,81,53,10.94
337,Talaya,RU,2021-08-12 04:43:32,61.3833,152.75,76.95,32,59,2.42
338,Viransehir,TR,2021-08-12 04:43:32,37.2353,39.7631,87.53,27,0,6.49
339,Lavrentiya,RU,2021-08-12 04:43:33,65.5833,-171.0,41.27,69,100,2.95
340,Silifke,TR,2021-08-12 04:43:33,36.3778,33.9344,84.11,45,1,7.47
341,Amazar,RU,2021-08-12 04:43:34,53.858,120.875,74.71,43,46,3.56
342,Ornskoldsvik,SE,2021-08-12 04:41:12,63.2909,18.7153,56.35,94,7,5.75
343,Turbat,PK,2021-08-12 04:43:34,26.0023,63.044,83.17,67,62,1.74
344,Riyadh,SA,2021-08-12 04:41:18,24.6877,46.7219,93.25,11,0,0.0
345,Sagauli,IN,2021-08-12 04:43:35,26.7833,84.7333,78.17,98,100,3.67
346,Tateyama,JP,2021-08-12 04:43:36,34.9833,139.8667,82.42,86,100,23.82
347,Huilong,CN,2021-08-12 04:43:36,31.8111,121.655,90.03,80,98,6.78
348,Kijang,KR,2021-08-12 04:43:37,35.2442,129.2139,89.33,71,64,10.67
349,Darhan,MN,2021-08-12 04:43:37,49.4867,105.9228,76.5,51,9,2.26
350,Poenari,RO,2021-08-12 04:43:37,45.3167,24.65,56.98,56,39,2.89
351,Bandarbeyla,SO,2021-08-12 04:43:38,9.4942,50.8122,80.55,65,43,24.92
352,Pisco,PE,2021-08-12 04:43:38,-13.7,-76.2167,60.85,82,90,8.05
353,Deep River,CA,2021-08-12 04:43:38,46.1001,-77.4995,71.35,86,55,4.54
354,Hasaki,JP,2021-08-12 04:43:39,35.7333,140.8333,81.0,75,100,10.09
355,Rio Grande,BR,2021-08-12 04:43:39,-32.035,-52.0986,34.95,75,0,4.34
356,Cockburn Town,TC,2021-08-12 04:43:40,21.4612,-71.1419,82.54,73,36,22.84
357,Pangkalanbuun,ID,2021-08-12 04:43:41,-2.6833,111.6167,88.79,57,75,5.93
358,Morondava,MG,2021-08-12 04:43:42,-20.2833,44.2833,71.89,51,95,3.38
359,Jackson,US,2021-08-12 04:43:42,42.4165,-122.8345,85.15,46,20,0.45
360,Dongsheng,CN,2021-08-12 04:43:42,39.8161,109.9776,78.53,21,31,1.39
361,Broken Hill,AU,2021-08-12 04:43:43,-31.95,141.4333,58.71,41,0,8.05
362,Tiznit,MA,2021-08-12 04:43:43,29.5833,-9.5,64.9,69,2,1.07
363,Gimli,CA,2021-08-12 04:42:16,50.6336,-96.9907,59.43,88,50,8.05
364,Tshikapa,CD,2021-08-12 04:43:44,-6.4167,20.8,69.06,36,2,1.1
365,Norrtalje,SE,2021-08-12 04:43:45,59.758,18.705,57.24,87,30,3.47
366,Carlsbad,US,2021-08-12 04:43:45,33.1581,-117.3506,81.72,84,1,3.44
367,Cherskiy,RU,2021-08-12 04:43:46,68.75,161.3,69.42,30,66,5.41
368,Kharakvasla,IN,2021-08-12 04:43:47,18.4333,73.7667,79.79,71,73,9.33
369,Codrington,AU,2021-08-12 04:43:47,-38.2667,141.9667,57.58,71,42,14.7
370,Auki,SB,2021-08-12 04:43:48,-8.7676,160.7034,77.4,89,100,5.79
371,General Elizardo Aquino,PY,2021-08-12 04:43:48,-24.4333,-56.7,56.34,51,100,5.28
372,Bonthe,SL,2021-08-12 04:43:49,7.5264,-12.505,75.47,92,100,8.88
373,Lipari,IT,2021-08-12 04:43:50,38.4674,14.954,85.53,77,2,5.12
374,Ust-Omchug,RU,2021-08-12 04:43:50,61.15,149.6333,80.73,30,20,1.41
375,Yertsevo,RU,2021-08-12 04:43:51,60.7966,40.086,62.04,99,100,3.47
376,Escarcega,MX,2021-08-12 04:43:51,18.6089,-90.7454,72.03,99,95,3.58
377,Banepa,NP,2021-08-12 04:43:52,27.6298,85.5214,75.52,88,75,5.75
378,Sechura,PE,2021-08-12 04:43:53,-5.5569,-80.8222,64.0,79,48,10.0
379,Okha,RU,2021-08-12 04:43:53,53.5739,142.9478,66.85,56,37,12.57
380,Vila,PT,2021-08-12 04:43:54,42.0304,-8.1588,56.7,89,0,2.95
381,Sinnamary,GF,2021-08-12 04:43:54,5.3833,-52.95,76.46,89,100,4.97
382,Mana,GF,2021-08-12 04:43:55,5.6592,-53.7767,76.42,89,99,4.99
383,Norman Wells,CA,2021-08-12 04:43:55,65.282,-126.8329,59.04,77,40,4.61
384,Katsuura,JP,2021-08-12 04:43:56,35.1333,140.3,82.51,79,100,19.37
385,Mareeba,AU,2021-08-12 04:43:57,-17.0,145.4333,73.44,86,80,7.99
386,Dhidhdhoo,MV,2021-08-12 04:43:57,6.8833,73.1,82.71,76,100,16.78
387,Luderitz,NA,2021-08-12 04:43:58,-26.6481,15.1594,52.18,81,14,14.0
388,Caravelas,BR,2021-08-12 04:43:59,-17.7125,-39.2481,67.91,94,7,2.01
389,Roros,NO,2021-08-12 04:43:59,62.5747,11.3842,46.24,93,29,0.0
390,Najran,SA,2021-08-12 04:44:00,17.4924,44.1277,84.85,30,49,1.61
391,Qaqortoq,GL,2021-08-12 04:44:00,60.7167,-46.0333,46.9,81,80,3.6
392,Tarazona,ES,2021-08-12 04:44:01,41.9,-1.7333,70.39,60,68,1.28
393,Ilulissat,GL,2021-08-12 04:44:02,69.2167,-51.1,46.42,76,75,1.14
394,Sept-Iles,CA,2021-08-12 04:40:03,50.2001,-66.3821,64.92,94,90,5.01
395,Praia Da Vitoria,PT,2021-08-12 04:44:03,38.7333,-27.0667,72.75,88,20,13.35
396,Baden-Baden,DE,2021-08-12 04:44:03,48.75,8.25,61.2,92,75,1.14
397,Lovozero,RU,2021-08-12 04:44:04,68.005,35.0117,64.83,59,2,4.88
398,Nong Kung Si,TH,2021-08-12 04:44:04,16.65,103.3,87.94,55,91,7.78
399,Tlacolula,MX,2021-08-12 04:44:04,16.9542,-96.4792,59.11,89,10,5.37
400,Itarema,BR,2021-08-12 04:44:05,-2.9248,-39.9167,78.57,83,7,14.63
401,Brokopondo,SR,2021-08-12 04:44:06,4.75,-55.1667,75.31,91,100,3.62
402,Hare Bay,CA,2021-08-12 04:44:06,48.8499,-54.0148,58.35,84,94,2.62
403,Curuguaty,PY,2021-08-12 04:44:07,-24.4694,-55.6945,57.2,51,100,4.12
404,Senanga,ZM,2021-08-12 04:44:07,-16.1167,23.2667,51.37,49,0,5.48
405,Harer,ET,2021-08-12 04:44:08,9.3094,42.1258,61.29,78,58,10.89
406,Matamoros,MX,2021-08-12 04:43:15,25.5333,-103.25,82.11,39,56,2.51
407,Atambua,ID,2021-08-12 04:44:08,-9.1061,124.8925,86.02,50,31,4.47
408,Kumluca,TR,2021-08-12 04:44:09,36.3703,30.2869,86.83,40,0,4.97
409,Tarata,BO,2021-08-12 04:44:09,-17.6167,-66.0167,54.68,81,17,1.36
410,Port Arthur,CN,2021-08-12 04:44:10,38.8,121.2667,82.9,35,98,5.35
411,Palana,RU,2021-08-12 04:44:10,59.1167,159.9667,54.59,78,15,5.1
412,Curtea,RO,2021-08-12 04:44:11,45.8167,22.3,68.02,61,22,0.69
413,Nishihara,JP,2021-08-12 04:44:11,26.1842,127.7558,84.25,82,75,19.57
414,Skovorodino,RU,2021-08-12 04:44:11,53.9833,123.9167,76.64,41,10,2.59
415,Baoqing,CN,2021-08-12 04:42:03,46.3317,132.2111,66.97,70,94,6.33
416,Chorley,GB,2021-08-12 04:44:12,53.65,-2.6167,55.96,73,65,1.01
417,Yakeshi,CN,2021-08-12 04:44:13,49.2833,120.7333,63.36,70,97,7.2
418,Batagay-Alyta,RU,2021-08-12 04:44:14,67.8006,130.4114,74.5,33,58,6.33
419,Cap Malheureux,MU,2021-08-12 04:44:14,-19.9842,57.6142,74.46,81,7,8.01
420,Ostersund,SE,2021-08-12 04:43:45,63.1792,14.6357,54.05,94,0,2.3
421,Tuensang,IN,2021-08-12 04:44:15,26.2833,94.8333,76.68,97,100,1.28
422,Miri,MY,2021-08-12 04:44:15,4.4148,114.0089,89.74,70,40,3.44
423,Saint-Augustin,CA,2021-08-12 04:43:09,51.226,-58.6502,56.05,75,100,10.78
424,Kizukuri,JP,2021-08-12 04:44:16,40.8061,140.3861,77.85,71,83,7.23
425,Goundi,TD,2021-08-12 04:44:16,9.3627,17.366,69.94,98,100,3.4
426,Egvekinot,RU,2021-08-12 04:44:17,66.3167,-179.1667,42.24,63,95,2.93
427,Adrar,MR,2021-08-12 04:44:18,20.5022,-10.0711,89.42,14,94,7.54
428,Stornoway,GB,2021-08-12 04:44:18,58.2093,-6.3865,53.56,94,75,9.22
429,Kikuyu,KE,2021-08-12 04:44:19,-1.2458,36.6633,55.69,94,75,0.0
430,Padang,ID,2021-08-12 04:44:19,-0.9492,100.3543,84.25,72,87,4.94
431,Yumen,CN,2021-08-12 04:44:20,40.2833,97.2,84.33,20,0,11.39
432,Naraini,IN,2021-08-12 04:44:20,25.1833,80.4833,89.06,64,96,11.65
433,Virginia Beach,US,2021-08-12 04:43:05,36.8529,-75.978,84.25,78,40,5.75
434,Anadyr,RU,2021-08-12 04:44:21,64.75,177.4833,45.1,81,90,11.18
435,Nabire,ID,2021-08-12 04:44:22,-3.3667,135.4833,84.88,68,96,4.94
436,Calama,CL,2021-08-12 04:44:23,-22.4667,-68.9333,55.89,12,90,6.91
437,Nueve De Julio,AR,2021-08-12 04:44:23,-35.4444,-60.8831,38.8,90,0,6.55
438,Moerai,PF,2021-08-12 04:44:24,-22.4333,-151.3333,72.73,85,97,17.9
439,Dauphin,CA,2021-08-12 04:44:24,51.1494,-100.0502,55.54,82,20,11.5
440,Yeppoon,AU,2021-08-12 04:44:25,-23.1333,150.7333,76.78,69,0,15.17
441,Naraina,IN,2021-08-12 04:44:25,26.7833,75.2,84.34,54,47,13.53
442,Grindavik,IS,2021-08-12 04:44:26,63.8424,-22.4338,52.56,100,75,4.61
443,Benoy,TD,2021-08-12 04:44:26,8.9833,16.3199,70.83,97,100,3.8
444,Hualmay,PE,2021-08-12 04:44:26,-11.0964,-77.6139,61.27,83,30,8.05
445,Paamiut,GL,2021-08-12 04:44:27,61.994,-49.6678,44.06,84,75,10.74
446,Kalnibolotskaya,RU,2021-08-12 04:44:27,46.0058,40.4568,75.56,76,99,5.35
447,Biak,ID,2021-08-12 04:44:28,-0.9131,122.8766,81.86,74,44,6.76
448,Kamenka,RU,2021-08-12 04:44:29,51.3223,42.7678,83.28,32,67,17.94
449,Varginha,BR,2021-08-12 04:44:29,-21.5514,-45.4303,54.64,94,14,5.12
450,Karaton,ID,2021-08-12 04:44:30,-6.3424,106.1045,87.96,44,13,0.04
451,Hohhot,CN,2021-08-12 04:44:30,40.8106,111.6522,79.09,44,0,6.71
452,Ust-Kut,RU,2021-08-12 04:44:31,56.7938,105.7672,86.58,28,2,2.86
453,Ako,JP,2021-08-12 04:44:31,34.75,134.4,76.24,78,100,5.44
454,Svetlyy,RU,2021-08-12 04:44:32,54.675,20.1347,59.05,72,7,12.64
455,Paka,MY,2021-08-12 04:44:32,4.6374,103.4368,89.53,62,40,8.05
456,Plettenberg Bay,ZA,2021-08-12 04:44:33,-34.0527,23.3716,52.77,86,87,18.21
457,Palmeira Das Missoes,BR,2021-08-12 04:44:34,-27.8994,-53.3136,38.05,93,3,8.63
458,Port Macquarie,AU,2021-08-12 04:44:34,-31.4333,152.9167,66.16,76,70,9.04
459,Carupano,VE,2021-08-12 04:44:35,10.6678,-63.2585,77.86,89,58,7.87
460,Amos,CA,2021-08-12 04:44:35,48.5669,-78.1162,70.07,97,36,7.7
461,Bethel,US,2021-08-12 04:44:36,41.3712,-73.414,77.83,86,1,3.44
462,Khamgaon,IN,2021-08-12 04:44:37,20.6833,76.5667,84.99,58,100,13.27
463,Benghazi,LY,2021-08-12 04:44:37,32.1167,20.0667,81.28,79,0,8.97
464,Broome,US,2021-08-12 04:44:38,42.2506,-75.833,77.63,83,1,1.01
465,Forrest City,US,2021-08-12 04:40:03,35.0081,-90.7898,82.83,66,2,8.19
466,Periyapatti,IN,2021-08-12 04:44:39,10.75,77.2667,79.81,62,100,21.18
467,Neiafu,TO,2021-08-12 04:44:39,-18.65,-173.9833,70.48,94,75,11.5
468,Lagoa Da Prata,BR,2021-08-12 04:44:40,-20.0225,-45.5436,61.47,50,13,5.57
469,Mayumba,GA,2021-08-12 04:44:41,-3.432,10.6554,72.79,88,77,3.71
470,Lisakovsk,KZ,2021-08-12 04:44:41,52.5369,62.4936,64.17,47,10,14.43
471,Okhotsk,RU,2021-08-12 04:44:42,59.3833,143.3,68.54,73,12,7.67
472,Vangaindrano,MG,2021-08-12 04:44:42,-23.35,47.6,66.09,86,1,5.93
473,Oistins,BB,2021-08-12 04:44:42,13.0667,-59.5333,80.69,78,40,14.97
474,Jiexiu,CN,2021-08-12 04:44:43,37.0244,111.9125,79.66,47,100,6.02
475,Wawa,NG,2021-08-12 04:44:44,9.9022,4.4192,71.98,95,100,6.17
476,Pandan,PH,2021-08-12 04:44:44,14.0453,124.1694,84.24,77,100,5.73
477,Kahului,US,2021-08-12 04:44:45,20.8947,-156.47,80.62,77,1,18.41
478,Plerin,FR,2021-08-12 04:44:46,48.5425,-2.7798,59.32,87,0,1.99
479,Agde,FR,2021-08-12 04:44:46,43.3108,3.4758,74.44,77,0,0.0
480,Taltal,CL,2021-08-12 04:40:20,-25.4,-70.4833,54.66,84,27,1.97
481,Arman,RU,2021-08-12 04:44:47,59.7,150.1667,64.31,76,17,7.87
482,Jacareacanga,BR,2021-08-12 04:44:47,-6.2222,-57.7528,76.57,47,52,1.88
483,Pandan Niog,PH,2021-08-12 04:44:48,6.2282,120.5631,83.86,70,91,7.09
484,Portland,US,2021-08-12 04:35:28,45.5234,-122.6762,91.81,44,40,1.99
485,Inzer,RU,2021-08-12 04:44:48,54.2167,57.5556,65.44,53,5,1.12
486,Puerto Baquerizo Moreno,EC,2021-08-12 04:44:49,-0.9,-89.6,68.4,83,43,11.21
487,Bayan,CN,2021-08-12 04:44:50,46.0833,127.4,60.31,97,100,8.7
488,Mogadishu,SO,2021-08-12 04:44:50,2.0371,45.3438,76.87,69,40,13.8
489,Taoudenni,ML,2021-08-12 04:44:50,22.6783,-3.9836,97.99,15,55,6.13
490,Doka,SD,2021-08-12 04:44:51,13.5167,35.7667,71.67,93,91,11.77
491,Buraydah,SA,2021-08-12 04:42:10,26.326,43.975,88.25,10,5,14.18
492,Rafai,CF,2021-08-12 04:44:52,4.95,23.9167,68.22,99,98,0.89
493,Fare,PF,2021-08-12 04:44:52,-16.7,-151.0167,78.06,75,3,12.37
494,Kalmunai,LK,2021-08-12 04:44:53,7.4167,81.8167,84.87,65,100,0.65
495,Dandong,CN,2021-08-12 04:44:53,40.1292,124.3947,78.1,67,60,7.25
496,Kalinovskaya,RU,2021-08-12 04:44:54,43.5758,45.5192,81.68,66,100,12.12
497,Bereznik,RU,2021-08-12 04:44:54,62.8551,42.7072,63.55,99,100,2.84
498,Lufilufi,WS,2021-08-12 04:44:55,-13.8745,-171.5986,87.58,74,22,12.48
499,Vila Velha,BR,2021-08-12 04:44:55,-20.3297,-40.2925,69.75,83,40,11.5
500,Tommot,RU,2021-08-12 04:44:56,58.9564,126.2925,80.2,41,32,1.1
501,Tulsipur,NP,2021-08-12 04:44:56,28.131,82.2973,76.86,91,100,0.63
502,Sorong,ID,2021-08-12 04:44:57,-0.8833,131.25,82.65,78,65,5.39
503,Sumbe,AO,2021-08-12 04:44:57,-11.2061,13.8437,70.43,86,59,6.04
504,San Policarpo,PH,2021-08-12 04:44:58,12.1791,125.5072,85.33,68,87,6.55
505,Daro,GN,2021-08-12 04:44:58,8.5185,-9.569,69.08,100,100,1.59
506,Bikin,RU,2021-08-12 04:44:59,46.8161,134.26,79.05,39,12,0.74
507,High Level,CA,2021-08-12 04:44:59,58.5169,-117.136,55.51,88,20,2.3
508,Kifri,IQ,2021-08-12 04:45:00,34.6959,44.9661,103.89,13,2,15.3
509,Baculin,PH,2021-08-12 04:45:01,7.4525,126.5842,87.13,63,22,8.61
510,Camana,PE,2021-08-12 04:45:01,-16.6228,-72.7111,60.13,86,22,7.09
511,Kiruna,SE,2021-08-12 04:41:12,67.8557,20.2251,50.92,93,75,3.44
512,Lashio,MM,2021-08-12 04:45:03,22.9333,97.75,69.49,99,100,1.28
513,Nokia,FI,2021-08-12 04:45:03,61.4667,23.5,55.67,100,0,2.3
514,Moose Factory,CA,2021-08-12 04:45:04,51.2585,-80.6094,66.2,88,75,6.91
515,Asau,RO,2021-08-12 04:45:04,46.4333,26.4,65.75,72,90,3.11
516,Puerto Del Rosario,ES,2021-08-12 04:45:05,28.5004,-13.8627,73.15,73,60,11.5
517,Coquimbo,CL,2021-08-12 04:45:06,-29.9533,-71.3436,53.33,82,90,2.3
518,Sulangan,PH,2021-08-12 04:45:07,11.1373,123.7228,83.5,74,89,5.66
519,Muros,ES,2021-08-12 04:45:07,42.7762,-9.0603,64.99,93,12,6.64
520,Cacapava Do Sul,BR,2021-08-12 04:45:08,-30.5122,-53.4914,33.49,90,0,3.4
521,Doha,QA,2021-08-12 04:40:55,25.2867,51.5333,96.78,71,0,1.14
522,Filadelfia,US,2021-08-12 04:41:02,39.9523,-75.1638,75.78,95,75,4.61
523,Guayaramerin,BO,2021-08-12 04:45:09,-10.8368,-65.3614,72.3,53,88,3.62
524,Ghanzi,BW,2021-08-12 04:45:10,-21.5667,21.7833,50.86,37,0,6.58
525,Pundaguitan,PH,2021-08-12 04:45:10,6.3711,126.1689,83.3,72,46,4.76
526,Tonantins,BR,2021-08-12 04:45:11,-2.8731,-67.8022,73.49,87,49,2.35
527,Tondano,ID,2021-08-12 04:45:11,1.3038,124.9112,84.29,61,35,4.52
528,Chiredzi,ZW,2021-08-12 04:45:12,-21.05,31.6667,56.97,76,0,4.25
529,Tallahassee,US,2021-08-12 04:43:14,30.4383,-84.2807,80.53,85,1,3.44
530,Maragogi,BR,2021-08-12 04:45:12,-9.0122,-35.2225,73.45,88,95,7.54
531,Milkovo,RU,2021-08-12 04:45:13,54.7167,158.6167,72.46,46,5,1.25
532,Mitchell,US,2021-08-12 04:40:54,43.7094,-98.0298,75.18,59,1,7.0
533,Port Hardy,CA,2021-08-12 04:42:14,50.6996,-127.4199,62.78,72,40,8.05
534,Changji,CN,2021-08-12 04:45:14,44.0167,87.3167,90.39,27,0,8.95
535,Laredo,US,2021-08-12 04:45:14,27.5064,-99.5075,87.8,66,1,16.11
536,Sangar,RU,2021-08-12 04:45:15,63.9242,127.4739,78.35,40,0,7.25
537,Xingyi,CN,2021-08-12 04:45:15,24.1877,102.817,69.85,86,100,5.14
538,Makhinjauri,GE,2021-08-12 04:45:16,41.6739,41.694,71.46,83,20,11.5
539,Playa Vicente,MX,2021-08-12 04:45:17,17.8333,-95.8167,73.24,94,19,4.07
540,Kualakapuas,ID,2021-08-12 04:45:17,-3.0091,114.3876,78.96,69,82,6.38
541,Berlevag,NO,2021-08-12 04:45:18,70.8578,29.0864,57.2,91,79,11.7
542,Shirokiy,RU,2021-08-12 04:45:18,49.758,129.523,72.09,56,14,1.95
543,Katangli,RU,2021-08-12 04:45:19,51.7102,143.2326,60.3,66,69,11.83
544,Soledade,BR,2021-08-12 04:45:20,-28.8183,-52.5103,36.01,95,4,5.32
545,Long,TH,2021-08-12 04:45:20,18.0761,99.8326,90.84,63,99,4.38
546,Nerchinskiy Zavod,RU,2021-08-12 04:45:21,51.3088,119.61,63.03,80,87,4.63
547,Merrill,US,2021-08-12 04:45:21,45.1805,-89.6835,64.96,96,1,3.44
548,San Quintin,MX,2021-08-12 04:45:22,30.4833,-115.95,70.84,82,2,6.2
549,Jalu,LY,2021-08-12 04:45:23,29.0331,21.5482,84.47,45,0,1.86
550,Filingue,NE,2021-08-12 04:45:23,14.3521,3.3168,81.45,67,100,13.18
